timestamp,probability
0.10,0.02
0.20,0.01
0.30,0.01
0.40,0.00
0.50,0.00
0.60,0.00
0.70,0.01
0.80,0.01
0.90,0.02
1.00,0.05
1.10,0.14
1.20,0.27
1.30,0.38
1.40,0.46
1.50,0.44
1.60,0.41
1.70,0.13
1.80,0.02
1.90,0.00
2.00,0.00
2.10,0.00
2.20,0.00
2.30,0.00
2.40,0.01
2.50,0.01
2.60,0.02
2.70,0.01
2.80,0.02
2.90,0.06
3.00,0.13
3.10,0.34
3.20,0.55
3.30,0.44
3.40,0.75
3.50,0.53
3.60,0.92
3.70,0.66
3.80,0.83
3.90,0.53
4.00,0.02
4.10,0.02
4.20,0.18
4.30,0.20
4.40,0.08
4.50,0.02
4.60,0.00
4.70,0.00
4.80,0.00
4.90,0.00
5.00,0.00
5.10,0.00
5.20,0.00
5.30,0.00
5.40,0.00
5.50,0.00
5.60,0.00
5.70,0.01
5.80,0.02
5.90,0.90
6.00,0.90
6.10,0.95
6.20,0.10
6.30,0.72
6.40,0.15
6.50,0.86
6.60,0.98
6.70,0.23
6.80,0.61
6.90,0.47
7.00,0.24
7.10,0.22
7.20,0.17
7.30,0.15
7.40,0.13
7.50,0.21
7.60,0.23
7.70,0.19
7.80,0.21
7.90,0.23
8.00,0.17
8.10,0.09
8.20,0.03
8.30,0.01
8.40,0.00
8.50,0.00
8.60,0.00
8.70,0.00
8.80,0.00
8.90,0.00
9.00,0.00
9.10,0.00
9.20,0.00
9.30,0.00
9.40,0.00
9.50,0.01
9.60,0.03
9.70,0.04
9.80,0.04
9.90,0.03
10.00,0.04
10.10,0.01
10.20,0.04
10.30,0.00
10.40,0.01
10.50,0.00
10.60,0.06
10.70,0.02
10.80,0.16
10.90,0.13
11.00,0.14
11.10,0.01
11.20,0.00
11.30,0.00
11.40,0.00
11.50,0.00
11.60,0.00
11.70,0.00
11.80,0.00
11.90,0.07
12.00,0.37
12.10,0.40
12.20,0.59
12.30,0.62
12.40,0.71
12.50,0.79
12.60,0.70
12.70,0.62
12.80,0.49
12.90,0.42
13.00,0.43
13.10,0.36
13.20,0.08
13.30,0.11
13.40,0.00
13.50,0.00
13.60,0.00
13.70,0.00
13.80,0.00
13.90,0.00
14.00,0.00
14.10,0.00
14.20,0.00
14.30,0.01
14.40,0.00
14.50,0.00
14.60,0.00
14.70,0.00
14.80,0.00
14.90,0.00
15.00,0.00
15.10,0.00
15.20,0.00
15.30,0.01
15.40,0.01
15.50,0.04
15.60,0.03
15.70,0.07
15.80,0.05
15.90,0.13
16.00,0.02
16.10,0.01
16.20,0.00
16.30,0.00
16.40,0.00
16.50,0.00
16.60,0.00
16.70,0.00
16.80,0.04
16.90,0.07
17.00,0.08
17.10,0.07
17.20,0.02
17.30,0.04
17.40,0.00
17.50,0.12
17.60,0.01
17.70,0.76
17.80,0.97
17.90,0.97
18.00,0.82
18.10,0.87
18.20,0.95
18.30,0.97
18.40,0.98
18.50,0.99
18.60,0.97
18.70,0.54
18.80,0.17
18.90,0.10
19.00,0.17
19.10,0.18
19.20,0.25
19.30,0.12
19.40,0.15
19.50,0.06
19.60,0.01
19.70,0.01
19.80,0.00
19.90,0.00
20.00,0.00
20.10,0.00
20.20,0.00
20.30,0.01
20.40,0.00
20.50,0.05
20.60,0.02
20.70,0.17
20.80,0.04
20.90,0.08
21.00,0.17
21.10,0.16
21.20,0.30
21.30,0.22
21.40,0.40
21.50,0.51
21.60,0.52
21.70,0.58
21.80,0.57
21.90,0.50
22.00,0.04
22.10,0.02
22.20,0.00
22.30,0.01
22.40,0.00
22.50,0.05
22.60,0.02
22.70,0.16
22.80,0.18
22.90,0.19
23.00,0.27
23.10,0.28
23.20,0.20
23.30,0.19
23.40,0.01
23.50,0.06
23.60,0.00
23.70,0.00
23.80,0.00
23.90,0.00
24.00,0.00
24.10,0.00
24.20,0.01
24.30,0.00
24.40,0.08
24.50,0.01
24.60,0.13
24.70,0.09
24.80,0.36
24.90,0.14
25.00,0.36
25.10,0.30
25.20,0.91
25.30,0.68
25.40,0.43
25.50,0.12
25.60,0.22
25.70,0.11
25.80,0.44
25.90,0.37
26.00,0.24
26.10,0.17
26.20,0.01
26.30,0.01
26.40,0.03
26.50,0.04
26.60,0.06
26.70,0.10
26.80,0.08
26.90,0.04
27.00,0.02
27.10,0.01
27.20,0.00
27.30,0.00
27.40,0.00
27.50,0.00
27.60,0.00
27.70,0.00
27.80,0.03
27.90,0.04
28.00,0.16
28.10,0.12
28.20,0.14
28.30,0.14
28.40,0.17
28.50,0.22
28.60,0.09
28.70,0.04
28.80,0.01
28.90,0.01
29.00,0.00
29.10,0.00
29.20,0.00
29.30,0.00
29.40,0.00
29.50,0.00
29.60,0.00
29.70,0.02
29.80,0.01
29.90,0.18
30.00,0.03
30.10,0.12
30.20,0.13
30.30,0.17
30.40,0.16
30.50,0.17
30.60,0.14
30.70,0.25
30.80,0.26
30.90,0.32
31.00,0.07
31.10,0.09
31.20,0.01
31.30,0.01
31.40,0.00
31.50,0.00
31.60,0.00
31.70,0.00
31.80,0.00
31.90,0.00
32.00,0.00
32.10,0.01
32.20,0.01
32.30,0.05
32.40,0.04
32.50,0.19
32.60,0.03
32.70,0.05
32.80,0.95
32.90,0.99
33.00,0.99
33.10,0.99
33.20,0.99
33.30,0.97
33.40,0.99
33.50,0.98
33.60,0.98
33.70,0.95
33.80,0.22
33.90,0.15
34.00,0.07
34.10,0.04
34.20,0.02
34.30,0.01
34.40,0.00
34.50,0.00
34.60,0.00
34.70,0.00
34.80,0.01
34.90,0.01
35.00,0.10
35.10,0.10
35.20,0.12
35.30,0.11
35.40,0.14
35.50,0.30
35.60,0.49
35.70,0.40
35.80,0.66
35.90,0.44
36.00,0.75
36.10,0.48
36.20,0.53
36.30,0.53
36.40,0.13
36.50,0.03
36.60,0.23
36.70,0.02
36.80,0.35
36.90,0.14
37.00,0.49
37.10,0.01
37.20,0.02
37.30,0.07
37.40,0.04
37.50,0.20
37.60,0.20
37.70,0.44
37.80,0.26
37.90,0.37
38.00,0.15
38.10,0.02
38.20,0.00
38.30,0.00
38.40,0.00
38.50,0.00
38.60,0.00
38.70,0.00
38.80,0.01
38.90,0.01
39.00,0.05
39.10,0.09
39.20,0.22
39.30,0.02
39.40,0.01
39.50,0.32
39.60,0.96
39.70,0.99
39.80,0.99
39.90,0.99
40.00,0.95
40.10,0.98
40.20,0.98
40.30,0.99
40.40,0.94
40.50,0.68
40.60,0.01
40.70,0.18
40.80,0.06
40.90,0.09
41.00,0.11
41.10,0.10
41.20,0.06
41.30,0.01
41.40,0.01
41.50,0.00
41.60,0.01
41.70,0.01
41.80,0.03
41.90,0.05
42.00,0.11
42.10,0.15
42.20,0.18
42.30,0.29
42.40,0.38
42.50,0.46
42.60,0.59
42.70,0.67
42.80,0.84
42.90,0.94
43.00,0.97
43.10,0.98
43.20,0.97
43.30,0.76
43.40,0.81
43.50,0.86
43.60,0.96
43.70,0.95
43.80,0.82
43.90,0.26
44.00,0.19
44.10,0.07
44.20,0.03
44.30,0.06
44.40,0.09
44.50,0.11
44.60,0.09
44.70,0.04
44.80,0.01
44.90,0.00
45.00,0.00
45.10,0.00
45.20,0.01
45.30,0.01
45.40,0.03
45.50,0.06
45.60,0.11
45.70,0.06
45.80,0.02
45.90,0.01
46.00,0.01
46.10,0.00
46.20,0.00
46.30,0.00
46.40,0.01
46.50,0.00
46.60,0.01
46.70,0.00
46.80,0.01
46.90,0.01
47.00,0.01
47.10,0.01
47.20,0.01
47.30,0.11
47.40,0.06
47.50,0.15
47.60,0.19
47.70,0.18
47.80,0.13
47.90,0.05
48.00,0.01
48.10,0.01
48.20,0.01
48.30,0.01
48.40,0.02
48.50,0.04
48.60,0.10
48.70,0.15
48.80,0.16
48.90,0.20
49.00,0.26
49.10,0.26
49.20,0.24
49.30,0.04
49.40,0.04
49.50,0.01
49.60,0.02
49.70,0.01
49.80,0.00
49.90,0.00
50.00,0.03
50.10,0.06
50.20,0.12
50.30,0.03
50.40,0.02
50.50,0.02
50.60,0.01
50.70,0.00
50.80,0.01
50.90,0.01
51.00,0.00
51.10,0.02
51.20,0.00
51.30,0.71
51.40,0.68
51.50,0.99
51.60,0.92
51.70,0.99
51.80,0.96
51.90,0.98
52.00,0.92
52.10,0.98
52.20,0.19
52.30,0.68
52.40,0.17
52.50,0.44
52.60,0.15
52.70,0.18
52.80,0.11
52.90,0.14
53.00,0.20
53.10,0.29
53.20,0.19
53.30,0.35
53.40,0.35
53.50,0.38
53.60,0.35
53.70,0.27
53.80,0.08
53.90,0.02
54.00,0.00
54.10,0.00
54.20,0.00
54.30,0.00
54.40,0.00
54.50,0.00
54.60,0.00
54.70,0.00
54.80,0.00
54.90,0.00
55.00,0.00
55.10,0.00
55.20,0.00
55.30,0.00
55.40,0.01
55.50,0.05
55.60,0.06
55.70,0.02
55.80,0.08
55.90,0.11
56.00,0.04
56.10,0.64
56.20,0.95
56.30,0.99
56.40,0.99
56.50,0.99
56.60,0.97
56.70,0.98
56.80,0.98
56.90,0.99
57.00,0.98
57.10,0.72
57.20,0.66
57.30,0.19
57.40,0.17
57.50,0.15
57.60,0.14
57.70,0.11
57.80,0.08
57.90,0.00
58.00,0.01
58.10,0.00
58.20,0.00
58.30,0.00
58.40,0.00
58.50,0.00
58.60,0.01
58.70,0.05
58.80,0.00
58.90,0.08
59.00,0.07
59.10,0.19
59.20,0.11
59.30,0.21
59.40,0.27
59.50,0.41
59.60,0.42
59.70,0.49
59.80,0.39
59.90,0.21
60.00,0.11
60.10,0.01
60.20,0.00
60.30,0.00
60.40,0.00
60.50,0.00
60.60,0.01
60.70,0.02
60.80,0.14
60.90,0.11
61.00,0.11
61.10,0.06
61.20,0.02
61.30,0.01
61.40,0.02
61.50,0.01
61.60,0.08
61.70,0.13
61.80,0.26
61.90,0.23
62.00,0.40
62.10,0.16
62.20,0.14
62.30,0.35
62.40,0.36
62.50,0.50
62.60,0.02
62.70,0.82
62.80,0.05
62.90,0.95
63.00,0.01
63.10,0.19
63.20,0.00
63.30,0.12
63.40,0.06
63.50,0.82
63.60,0.10
63.70,0.04
63.80,0.03
63.90,0.04
64.00,0.09
64.10,0.12
64.20,0.15
64.30,0.14
64.40,0.16
64.50,0.13
64.60,0.07
64.70,0.02
64.80,0.01
64.90,0.00
65.00,0.00
65.10,0.00
65.20,0.00
65.30,0.00
65.40,0.00
65.50,0.01
65.60,0.01
65.70,0.01
65.80,0.01
65.90,0.02
66.00,0.06
66.10,0.02
66.20,0.15
66.30,0.13
66.40,0.15
66.50,0.12
66.60,0.12
66.70,0.07
66.80,0.14
66.90,0.16
67.00,0.20
67.10,0.23
67.20,0.19
67.30,0.23
67.40,0.10
67.50,0.02
67.60,0.01
67.70,0.00
67.80,0.01
67.90,0.00
68.00,0.01
68.10,0.00
68.20,0.07
68.30,0.12
68.40,0.18
68.50,0.26
68.60,0.33
68.70,0.43
68.80,0.46
68.90,0.59
69.00,0.37
69.10,0.54
69.20,0.19
69.30,0.34
69.40,0.04
69.50,0.16
69.60,0.12
69.70,0.12
69.80,0.12
69.90,0.17
70.00,0.09
70.10,0.10
70.20,0.00
70.30,0.00
70.40,0.01
70.50,0.01
70.60,0.01
70.70,0.01
70.80,0.03
70.90,0.16
71.00,0.76
71.10,0.94
71.20,0.92
71.30,0.95
71.40,0.95
71.50,0.96
71.60,0.95
71.70,0.99
71.80,0.77
71.90,0.94
72.00,0.37
72.10,0.23
72.20,0.12
72.30,0.13
72.40,0.14
72.50,0.23
72.60,0.20
72.70,0.21
72.80,0.23
72.90,0.26
73.00,0.34
73.10,0.27
73.20,0.25
73.30,0.20
73.40,0.11
73.50,0.05
73.60,0.02
73.70,0.01
73.80,0.00
73.90,0.00
74.00,0.00
74.10,0.00
74.20,0.01
74.30,0.01
74.40,0.07
74.50,0.12
74.60,0.09
74.70,0.04
74.80,0.02
74.90,0.00
75.00,0.00
75.10,0.00
75.20,0.00
75.30,0.00
75.40,0.00
75.50,0.02
75.60,0.02
75.70,0.23
75.80,0.01
75.90,0.05
76.00,0.00
76.10,0.01
76.20,0.30
76.30,0.03
76.40,0.03
76.50,0.01
76.60,0.11
76.70,0.14
76.80,0.22
76.90,0.26
77.00,0.28
77.10,0.03
77.20,0.54
77.30,0.31
77.40,0.84
77.50,0.14
77.60,0.18
77.70,0.11
77.80,0.11
77.90,0.08
78.00,0.58
78.10,0.12
78.20,0.11
78.30,0.03
78.40,0.01
78.50,0.02
78.60,0.09
78.70,0.14
78.80,0.14
78.90,0.10
79.00,0.11
79.10,0.06
79.20,0.05
79.30,0.02
79.40,0.01
79.50,0.00
79.60,0.00
79.70,0.00
79.80,0.00
79.90,0.00
80.00,0.00
80.10,0.00
80.20,0.01
80.30,0.02
80.40,0.01
80.50,0.07
80.60,0.00
80.70,0.13
80.80,0.04
80.90,0.06
81.00,0.02
81.10,0.02
81.20,0.02
81.30,0.07
81.40,0.18
81.50,0.38
81.60,0.37
81.70,0.29
81.80,0.68
81.90,0.36
82.00,0.97
82.10,0.97
82.20,0.98
82.30,0.90
82.40,0.98
82.50,0.96
82.60,0.99
82.70,0.99
82.80,0.97
82.90,0.97
83.00,0.19
83.10,0.16
83.20,0.15
83.30,0.15
83.40,0.22
83.50,0.07
83.60,0.01
83.70,0.00
83.80,0.00
83.90,0.10
84.00,0.12
84.10,0.09
84.20,0.07
84.30,0.10
84.40,0.09
84.50,0.11
84.60,0.01
84.70,0.04
84.80,0.00
84.90,0.00
85.00,0.01
85.10,0.00
85.20,0.04
85.30,0.05
85.40,0.16
85.50,0.21
85.60,0.00
85.70,0.00
85.80,0.01
85.90,0.02
86.00,0.03
86.10,0.04
86.20,0.08
86.30,0.21
86.40,0.34
86.50,0.42
86.60,0.51
86.70,0.52
86.80,0.53
86.90,0.44
87.00,0.31
87.10,0.02
87.20,0.01
87.30,0.00
87.40,0.00
87.50,0.00
87.60,0.01
87.70,0.01
87.80,0.11
87.90,0.14
88.00,0.10
88.10,0.11
88.20,0.09
88.30,0.11
88.40,0.03
88.50,0.24
88.60,0.31
88.70,0.51
88.80,0.56
88.90,0.66
89.00,0.62
89.10,0.59
89.20,0.06
89.30,0.01
89.40,0.00
89.50,0.00
89.60,0.00
89.70,0.00
89.80,0.00
89.90,0.00
90.00,0.60
90.10,0.58
90.20,0.75
90.30,0.75
90.40,0.83
90.50,0.91
90.60,0.91
90.70,0.97
90.80,0.93
90.90,0.77
91.00,0.87
91.10,0.85
91.20,0.43
91.30,0.91
91.40,0.25
91.50,0.03
91.60,0.24
91.70,0.20
91.80,0.21
91.90,0.24
92.00,0.21
92.10,0.87
92.20,0.13
92.30,0.42
92.40,0.15
92.50,0.68
92.60,0.93
92.70,0.95
92.80,0.66
92.90,0.41
93.00,0.66
93.10,0.76
93.20,0.69
93.30,0.61
93.40,0.14
93.50,0.14
93.60,0.05
93.70,0.01
93.80,0.00
93.90,0.00
94.00,0.00
94.10,0.00
94.20,0.00
94.30,0.01
94.40,0.04
94.50,0.02
94.60,0.11
94.70,0.09
94.80,0.01
94.90,0.01
95.00,0.00
95.10,0.00
95.20,0.00
95.30,0.00
95.40,0.00
95.50,0.03
95.60,0.10
95.70,0.17
95.80,0.13
95.90,0.20
96.00,0.07
96.10,0.07
96.20,0.18
96.30,0.15
96.40,0.14
96.50,0.17
96.60,0.29
96.70,0.46
96.80,0.53
96.90,0.59
97.00,0.49
97.10,0.24
97.20,0.11
97.30,0.03
97.40,0.06
97.50,0.02
97.60,0.13
97.70,0.13
97.80,0.13
97.90,0.17
98.00,0.27
98.10,0.25
98.20,0.30
98.30,0.01
98.40,0.02
98.50,0.01
98.60,0.03
98.70,0.01
98.80,0.01
98.90,0.01
99.00,0.06
99.10,0.14
99.20,0.16
99.30,0.16
99.40,0.09
99.50,0.05
99.60,0.02
99.70,0.03
99.80,0.04
99.90,0.03
100.00,0.01
100.10,0.00
100.20,0.00
100.30,0.00
100.40,0.00
100.50,0.00
100.60,0.00
100.70,0.00
100.80,0.01
100.90,0.00
101.00,0.00
101.10,0.00
101.20,0.00
101.30,0.01
101.40,0.03
101.50,0.01
101.60,0.06
101.70,0.14
101.80,0.23
101.90,0.41
102.00,0.02
102.10,0.01
102.20,0.02
102.30,0.79
102.40,0.99
102.50,0.99
102.60,0.98
102.70,0.56
102.80,0.94
102.90,0.96
103.00,0.98
103.10,0.93
103.20,0.25
103.30,0.31
103.40,0.05
103.50,0.08
103.60,0.07
103.70,0.03
103.80,0.01
103.90,0.00
104.00,0.01
104.10,0.00
104.20,0.00
104.30,0.00
104.40,0.01
104.50,0.00
104.60,0.11
104.70,0.00
104.80,0.14
104.90,0.00
105.00,0.02
105.10,0.02
105.20,0.04
105.30,0.05
105.40,0.15
105.50,0.15
105.60,0.16
105.70,0.08
105.80,0.02
105.90,0.01
106.00,0.01
106.10,0.02
106.20,0.05
106.30,0.08
106.40,0.15
106.50,0.16
106.60,0.14
106.70,0.14
106.80,0.23
106.90,0.24
107.00,0.30
107.10,0.20
107.20,0.25
107.30,0.22
107.40,0.10
107.50,0.04
107.60,0.05
107.70,0.02
107.80,0.04
107.90,0.04
108.00,0.14
108.10,0.15
108.20,0.15
108.30,0.17
108.40,0.19
108.50,0.13
108.60,0.12
108.70,0.10
108.80,0.28
108.90,0.38
109.00,0.43
109.10,0.34
109.20,0.22
109.30,0.05
109.40,0.01
109.50,0.00
109.60,0.00
109.70,0.00
109.80,0.00
109.90,0.00
110.00,0.01
110.10,0.02
110.20,0.01
110.30,0.01
110.40,0.00
110.50,0.01
110.60,0.01
110.70,0.00
110.80,0.00
110.90,0.01
111.00,0.08
111.10,0.14
111.20,0.04
111.30,0.00
111.40,0.00
111.50,0.00
111.60,0.00
111.70,0.00
111.80,0.00
111.90,0.00
112.00,0.05
112.10,0.01
112.20,0.01
112.30,0.02
112.40,0.01
112.50,0.01
112.60,0.01
112.70,0.09
112.80,0.11
112.90,0.04
113.00,0.01
113.10,0.01
113.20,0.20
113.30,0.03
113.40,0.08
113.50,0.06
113.60,0.12
113.70,0.11
113.80,0.25
113.90,0.33
114.00,0.03
114.10,0.00
114.20,0.00
114.30,0.00
114.40,0.00
114.50,0.00
114.60,0.00
114.70,0.00
114.80,0.00
114.90,0.01
115.00,0.07
115.10,0.03
115.20,0.13
115.30,0.03
115.40,0.05
115.50,0.12
115.60,0.12
115.70,0.11
115.80,0.06
115.90,0.11
116.00,0.13
116.10,0.31
116.20,0.46
116.30,0.49
116.40,0.57
116.50,0.35
116.60,0.17
116.70,0.12
116.80,0.05
116.90,0.19
117.00,0.08
117.10,0.16
117.20,0.14
117.30,0.13
117.40,0.16
117.50,0.31
117.60,0.43
117.70,0.41
117.80,0.11
117.90,0.25
118.00,0.48
118.10,0.65
118.20,0.06
118.30,0.06
118.40,0.06
118.50,0.13
118.60,0.11
118.70,0.16
118.80,0.09
118.90,0.07
119.00,0.00
119.10,0.00
119.20,0.00
119.30,0.01
119.40,0.01
119.50,0.09
119.60,0.07
119.70,0.16
119.80,0.11
119.90,0.08
120.00,0.03
120.10,0.01
120.20,0.00
120.30,0.00
120.40,0.00
120.50,0.00
120.60,0.00
120.70,0.00
120.80,0.01
120.90,0.05
121.00,0.12
121.10,0.20
121.20,0.31
121.30,0.07
121.40,0.05
121.50,0.03
121.60,0.02
121.70,0.02
121.80,0.01
121.90,0.03
122.00,0.03
122.10,0.02
122.20,0.01
122.30,0.01
122.40,0.04
122.50,0.07
122.60,0.13
122.70,0.12
122.80,0.22
122.90,0.35
123.00,0.23
123.10,0.02
123.20,0.04
123.30,0.96
123.40,0.99
123.50,0.99
123.60,0.96
123.70,0.82
123.80,0.96
123.90,0.98
124.00,0.97
124.10,0.50
124.20,0.33
124.30,0.27
124.40,0.25
124.50,0.15
124.60,0.03
124.70,0.01
124.80,0.00
124.90,0.00
125.00,0.00
125.10,0.00
125.20,0.00
125.30,0.00
125.40,0.01
125.50,0.05
125.60,0.22
125.70,0.40
125.80,0.30
125.90,0.13
126.00,0.32
126.10,0.56
126.20,0.26
126.30,0.09
126.40,0.04
126.50,0.11
126.60,0.10
126.70,0.19
126.80,0.29
126.90,0.37
127.00,0.01
127.10,0.05
127.20,0.04
127.30,0.16
127.40,0.01
127.50,0.03
127.60,0.06
127.70,0.14
127.80,0.13
127.90,0.14
128.00,0.21
128.10,0.09
128.20,0.09
128.30,0.02
128.40,0.19
128.50,0.12
128.60,0.06
128.70,0.03
128.80,0.01
128.90,0.01
129.00,0.02
129.10,0.08
129.20,0.15
129.30,0.20
129.40,0.20
129.50,0.12
129.60,0.16
129.70,0.19
129.80,0.31
129.90,0.33
130.00,0.45
130.10,0.49
130.20,0.58
130.30,0.70
130.40,0.77
130.50,0.15
130.60,0.45
130.70,0.10
130.80,0.20
130.90,0.10
131.00,0.15
131.10,0.12
131.20,0.14
131.30,0.23
131.40,0.23
131.50,0.08
131.60,0.00
131.70,0.01
131.80,0.01
131.90,0.00
132.00,0.00
132.10,0.00
132.20,0.06
132.30,0.05
132.40,0.15
132.50,0.02
132.60,0.08
132.70,0.00
132.80,0.01
132.90,0.01
133.00,0.01
133.10,0.05
133.20,0.04
133.30,0.11
133.40,0.12
133.50,0.08
133.60,0.09
133.70,0.08
133.80,0.12
133.90,0.12
134.00,0.11
134.10,0.07
134.20,0.02
134.30,0.01
134.40,0.00
134.50,0.00
134.60,0.00
134.70,0.00
134.80,0.00
134.90,0.00
135.00,0.01
135.10,0.02
135.20,0.04
135.30,0.01
135.40,0.00
135.50,0.00
135.60,0.03
135.70,0.01
135.80,0.10
135.90,0.01
136.00,0.07
136.10,0.16
136.20,0.36
136.30,0.06
136.40,0.03
136.50,0.12
136.60,0.95
136.70,0.99
136.80,0.99
136.90,0.98
137.00,0.97
137.10,0.99
137.20,0.98
137.30,0.95
137.40,0.33
137.50,0.38
137.60,0.44
137.70,0.50
137.80,0.42
137.90,0.36
138.00,0.13
138.10,0.02
138.20,0.01
138.30,0.00
138.40,0.00
138.50,0.00
138.60,0.00
138.70,0.00
138.80,0.01
138.90,0.01
139.00,0.07
139.10,0.22
139.20,0.44
139.30,0.56
139.40,0.65
139.50,0.71
139.60,0.76
139.70,0.73
139.80,0.27
139.90,0.15
140.00,0.02
140.10,0.10
140.20,0.11
140.30,0.18
140.40,0.14
140.50,0.22
140.60,0.15
140.70,0.14
140.80,0.01
140.90,0.03
141.00,0.03
141.10,0.13
141.20,0.08
141.30,0.13
141.40,0.12
141.50,0.05
141.60,0.01
141.70,0.01
141.80,0.00
141.90,0.00
142.00,0.00
142.10,0.01
142.20,0.02
142.30,0.08
142.40,0.16
142.50,0.11
142.60,0.21
142.70,0.08
142.80,0.19
142.90,0.15
143.00,0.39
143.10,0.19
143.20,0.10
143.30,0.03
143.40,0.05
143.50,0.01
143.60,0.02
143.70,0.01
143.80,0.07
143.90,0.11
144.00,0.17
144.10,0.05
144.20,0.10
144.30,0.01
144.40,0.00
144.50,0.00
144.60,0.00
144.70,0.00
144.80,0.01
144.90,0.04
145.00,0.12
145.10,0.23
145.20,0.29
145.30,0.30
145.40,0.31
145.50,0.20
145.60,0.05
145.70,0.01
145.80,0.01
145.90,0.00
146.00,0.00
146.10,0.00
146.20,0.00
146.30,0.00
146.40,0.00
146.50,0.00
146.60,0.02
146.70,0.04
146.80,0.04
146.90,0.01
147.00,0.01
147.10,0.00
147.20,0.00
147.30,0.00
147.40,0.00
147.50,0.00
147.60,0.03
147.70,0.05
147.80,0.19
147.90,0.22
148.00,0.03
148.10,0.01
148.20,0.01
148.30,0.35
148.40,0.62
148.50,0.93
148.60,0.80
148.70,0.90
148.80,0.95
148.90,0.98
149.00,0.92
149.10,0.61
149.20,0.19
149.30,0.02
149.40,0.06
149.50,0.00
149.60,0.06
149.70,0.00
149.80,0.01
149.90,0.00
150.00,0.01
150.10,0.00
150.20,0.00
150.30,0.01
150.40,0.01
150.50,0.08
150.60,0.19
150.70,0.32
150.80,0.37
150.90,0.06
151.00,0.04
151.10,0.01
151.20,0.00
151.30,0.00
151.40,0.00
151.50,0.00
151.60,0.00
151.70,0.01
151.80,0.04
151.90,0.02
152.00,0.05
152.10,0.01
152.20,0.06
152.30,0.07
152.40,0.06
152.50,0.08
152.60,0.13
152.70,0.22
152.80,0.27
152.90,0.10
153.00,0.13
153.10,0.20
153.20,0.60
153.30,0.29
153.40,0.23
153.50,0.13
153.60,0.14
153.70,0.12
153.80,0.25
153.90,0.20
154.00,0.25
154.10,0.10
154.20,0.07
154.30,0.02
154.40,0.04
154.50,0.01
154.60,0.01
154.70,0.00
154.80,0.00
154.90,0.00
155.00,0.01
155.10,0.01
155.20,0.08
155.30,0.07
155.40,0.11
155.50,0.13
155.60,0.10
155.70,0.14
155.80,0.10
155.90,0.07
156.00,0.02
156.10,0.01
156.20,0.00
156.30,0.00
156.40,0.00
156.50,0.00
156.60,0.00
156.70,0.01
156.80,0.00
156.90,0.00
157.00,0.00
157.10,0.00
157.20,0.01
157.30,0.00
157.40,0.00
157.50,0.00
157.60,0.01
157.70,0.00
157.80,0.11
157.90,0.12
158.00,0.49
158.10,0.07
158.20,0.13
158.30,0.22
158.40,0.85
158.50,0.80
158.60,0.00
158.70,0.00
158.80,0.00
158.90,0.01
159.00,0.00
159.10,0.01
159.20,0.14
159.30,0.37
159.40,0.49
159.50,0.03
159.60,0.05
159.70,0.10
159.80,0.99
159.90,0.99
160.00,1.00
160.10,0.99
160.20,0.99
160.30,0.99
160.40,0.99
160.50,0.98
160.60,0.96
160.70,0.86
160.80,0.15
160.90,0.39
161.00,0.32
161.10,0.14
161.20,0.11
161.30,0.01
161.40,0.01
161.50,0.00
161.60,0.00
161.70,0.00
161.80,0.00
161.90,0.00
162.00,0.00
162.10,0.00
162.20,0.00
162.30,0.00
162.40,0.00
162.50,0.00
162.60,0.01
162.70,0.02
162.80,0.04
162.90,0.18
163.00,0.33
163.10,0.46
163.20,0.42
163.30,0.56
163.40,0.50
163.50,0.89
163.60,0.90
163.70,0.80
163.80,0.59
163.90,0.74
164.00,0.85
164.10,0.82
164.20,0.45
164.30,0.18
164.40,0.18
164.50,0.00
164.60,0.00
164.70,0.00
164.80,0.00
164.90,0.00
165.00,0.01
165.10,0.00
165.20,0.03
165.30,0.07
165.40,0.04
165.50,0.06
165.60,0.07
165.70,0.05
165.80,0.00
165.90,0.01
166.00,0.00
166.10,0.00
166.20,0.00
166.30,0.01
166.40,0.00
166.50,0.15
166.60,0.04
166.70,0.09
166.80,0.14
166.90,0.12
167.00,0.10
167.10,0.06
167.20,0.01
167.30,0.01
167.40,0.00
167.50,0.01
167.60,0.00
167.70,0.01
167.80,0.00
167.90,0.01
168.00,0.03
168.10,0.03
168.20,0.04
168.30,0.05
168.40,0.05
168.50,0.07
168.60,0.08
168.70,0.06
168.80,0.06
168.90,0.06
169.00,0.05
169.10,0.04
169.20,0.02
169.30,0.01
169.40,0.01
169.50,0.00
169.60,0.00
169.70,0.00
169.80,0.00
169.90,0.00
170.00,0.01
170.10,0.01
170.20,0.01
170.30,0.02
170.40,0.01
170.50,0.02
170.60,0.03
170.70,0.04
170.80,0.06
170.90,0.07
171.00,0.10
171.10,0.11
171.20,0.11
171.30,0.09
171.40,0.07
171.50,0.05
171.60,0.04
171.70,0.02
171.80,0.02
171.90,0.01
172.00,0.01
172.10,0.00
172.20,0.01
172.30,0.01
172.40,0.02
172.50,0.02
172.60,0.06
172.70,0.06
172.80,0.04
172.90,0.14
173.00,0.01
173.10,0.14
173.20,0.01
173.30,0.11
173.40,0.05
173.50,0.30
173.60,0.20
173.70,0.48
173.80,0.38
173.90,0.60
174.00,0.13
174.10,0.18
174.20,0.24
174.30,0.40
174.40,0.45
174.50,0.10
174.60,0.32
174.70,0.66
174.80,0.97
174.90,0.99
175.00,0.99
175.10,0.99
175.20,0.99
175.30,0.99
175.40,0.99
175.50,0.98
175.60,0.98
175.70,0.64
175.80,0.46
175.90,0.01
176.00,0.07
176.10,0.06
176.20,0.01
176.30,0.11
176.40,0.03
176.50,0.01
176.60,0.01
176.70,0.00
176.80,0.00
176.90,0.00
177.00,0.00
177.10,0.00
177.20,0.00
177.30,0.01
177.40,0.02
177.50,0.05
177.60,0.12
177.70,0.24
177.80,0.31
177.90,0.35
178.00,0.26
178.10,0.21
178.20,0.03
178.30,0.01
178.40,0.00
178.50,0.00
178.60,0.00
178.70,0.00
178.80,0.01
178.90,0.03
179.00,0.11
179.10,0.12
179.20,0.08
179.30,0.10
179.40,0.05
179.50,0.12
179.60,0.09
179.70,0.19
179.80,0.36
179.90,0.40
180.00,0.47
180.10,0.33
180.20,0.06
180.30,0.03
180.40,0.01
180.50,0.00
180.60,0.01
180.70,0.02
180.80,0.06
180.90,0.08
181.00,0.03
181.10,0.00
181.20,0.02
181.30,0.00
181.40,0.00
181.50,0.00
181.60,0.01
181.70,0.01
181.80,0.15
181.90,0.07
182.00,0.28
182.10,0.27
182.20,0.33
182.30,0.21
182.40,0.04
182.50,0.02
182.60,0.00
182.70,0.00
182.80,0.00
182.90,0.00
183.00,0.00
183.10,0.00
183.20,0.00
183.30,0.01
183.40,0.01
183.50,0.00
183.60,0.00
183.70,0.00
183.80,0.00
183.90,0.00
184.00,0.00
184.10,0.00
184.20,0.00
184.30,0.01
184.40,0.01
184.50,0.00
184.60,0.00
184.70,0.00
184.80,0.00
184.90,0.00
185.00,0.00
185.10,0.00
185.20,0.07
185.30,0.17
185.40,0.34
185.50,0.02
185.60,0.21
185.70,0.08
185.80,0.65
185.90,0.46
186.00,0.78
186.10,0.47
186.20,0.91
186.30,0.81
186.40,0.94
186.50,0.91
186.60,0.19
186.70,0.26
186.80,0.12
186.90,0.03
187.00,0.00
187.10,0.01
187.20,0.00
187.30,0.00
187.40,0.00
187.50,0.00
187.60,0.00
187.70,0.00
187.80,0.00
187.90,0.00
188.00,0.00
188.10,0.00
188.20,0.00
188.30,0.00
188.40,0.00
188.50,0.00
188.60,0.01
188.70,0.01
188.80,0.04
188.90,0.07
189.00,0.11
189.10,0.12
189.20,0.03
189.30,0.02
189.40,0.01
189.50,0.02
189.60,0.01
189.70,0.01
189.80,0.02
189.90,0.14
190.00,0.18
190.10,0.30
190.20,0.35
190.30,0.48
190.40,0.57
190.50,0.65
190.60,0.74
190.70,0.79
190.80,0.33
190.90,0.42
191.00,0.12
191.10,0.23
191.20,0.11
191.30,0.17
191.40,0.11
191.50,0.12
191.60,0.12
191.70,0.15
191.80,0.01
191.90,0.02
192.00,0.00
192.10,0.00
192.20,0.00
192.30,0.02
192.40,0.12
192.50,0.14
192.60,0.28
192.70,0.27
192.80,0.25
192.90,0.14
193.00,0.15
193.10,0.05
193.20,0.02
193.30,0.01
193.40,0.01
193.50,0.00
193.60,0.00
193.70,0.00
193.80,0.00
193.90,0.00
194.00,0.01
194.10,0.01
194.20,0.07
194.30,0.09
194.40,0.29
194.50,0.29
194.60,0.04
194.70,0.52
194.80,0.41
194.90,0.97
195.00,0.97
195.10,0.98
195.20,0.94
195.30,0.98
195.40,0.97
195.50,0.97
195.60,0.98
195.70,0.35
195.80,0.59
195.90,0.09
196.00,0.17
196.10,0.12
196.20,0.15
196.30,0.17
196.40,0.18
196.50,0.22
196.60,0.09
196.70,0.12
196.80,0.08
196.90,0.03
197.00,0.03
197.10,0.01
197.20,0.00
197.30,0.00
197.40,0.00
197.50,0.00
197.60,0.00
197.70,0.00
197.80,0.00
197.90,0.01
198.00,0.01
198.10,0.05
198.20,0.01
198.30,0.14
198.40,0.11
198.50,0.18
198.60,0.17
198.70,0.12
198.80,0.33
198.90,0.38
199.00,0.51
199.10,0.26
199.20,0.40
199.30,0.02
199.40,0.01
199.50,0.00
199.60,0.00
199.70,0.00
199.80,0.00
199.90,0.00
200.00,0.01
200.10,0.01
200.20,0.00
200.30,0.01
200.40,0.00
200.50,0.00
200.60,0.00
200.70,0.01
200.80,0.01
200.90,0.02
201.00,0.05
201.10,0.08
201.20,0.09
201.30,0.07
201.40,0.03
201.50,0.01
201.60,0.00
201.70,0.00
201.80,0.00
201.90,0.00
202.00,0.00
202.10,0.00
202.20,0.00
202.30,0.02
202.40,0.01
202.50,0.00
202.60,0.00
202.70,0.00
202.80,0.02
202.90,0.03
203.00,0.01
203.10,0.04
203.20,0.32
203.30,0.50
203.40,0.55
203.50,0.69
203.60,0.78
203.70,0.81
203.80,0.76
203.90,0.62
204.00,0.51
204.10,0.34
204.20,0.03
204.30,0.01
204.40,0.00
204.50,0.00
204.60,0.00
204.70,0.00
204.80,0.00
204.90,0.01
205.00,0.07
205.10,0.05
205.20,0.10
205.30,0.01
205.40,0.01
205.50,0.00
205.60,0.00
205.70,0.00
205.80,0.00
205.90,0.01
206.00,0.01
206.10,0.06
206.20,0.02
206.30,0.12
206.40,0.05
206.50,0.19
206.60,0.02
206.70,0.11
206.80,0.14
206.90,0.13
207.00,0.13
207.10,0.05
207.20,0.04
207.30,0.13
207.40,0.17
207.50,0.08
207.60,0.02
207.70,0.02
207.80,0.01
207.90,0.00
208.00,0.00
208.10,0.00
208.20,0.01
208.30,0.09
208.40,0.10
208.50,0.20
208.60,0.14
208.70,0.16
208.80,0.11
208.90,0.05
209.00,0.04
209.10,0.01
209.20,0.00
209.30,0.00
209.40,0.00
209.50,0.00
209.60,0.00
209.70,0.01
209.80,0.03
209.90,0.07
210.00,0.12
210.10,0.08
210.20,0.04
210.30,0.01
210.40,0.01
210.50,0.00
210.60,0.00
210.70,0.00
210.80,0.00
210.90,0.00
211.00,0.01
211.10,0.01
211.20,0.12
211.30,0.07
211.40,0.34
211.50,0.14
211.60,0.08
211.70,0.95
211.80,0.96
211.90,0.99
212.00,0.78
212.10,0.92
212.20,0.83
212.30,0.97
212.40,0.88
212.50,0.94
212.60,0.27
212.70,0.25
212.80,0.06
212.90,0.01
213.00,0.01
213.10,0.00
213.20,0.00
213.30,0.00
213.40,0.00
213.50,0.00
213.60,0.01
213.70,0.03
213.80,0.03
213.90,0.16
214.00,0.06
214.10,0.06
214.20,0.07
214.30,0.17
214.40,0.20
214.50,0.27
214.60,0.33
214.70,0.35
214.80,0.52
214.90,0.40
215.00,0.55
215.10,0.41
215.20,0.13
215.30,0.43
215.40,0.03
215.50,0.49
215.60,0.00
215.70,0.00
215.80,0.02
215.90,0.04
216.00,0.16
216.10,0.26
216.20,0.38
216.30,0.14
216.40,0.19
216.50,0.00
216.60,0.01
216.70,0.00
216.80,0.00
216.90,0.00
217.00,0.01
217.10,0.00
217.20,0.28
217.30,0.01
217.40,0.01
217.50,0.01
217.60,0.89
217.70,0.84
217.80,0.99
217.90,0.33
218.00,0.88
218.10,0.81
218.20,0.98
218.30,0.71
218.40,0.87
218.50,0.19
218.60,0.04
218.70,0.06
218.80,0.04
218.90,0.08
219.00,0.05
219.10,0.02
219.20,0.01
219.30,0.00
219.40,0.00
219.50,0.00
219.60,0.00
219.70,0.00
219.80,0.00
219.90,0.01
220.00,0.01
220.10,0.03
220.20,0.02
220.30,0.15
220.40,0.15
220.50,0.14
220.60,0.07
220.70,0.18
220.80,0.27
220.90,0.34
221.00,0.24
221.10,0.14
221.20,0.02
221.30,0.04
221.40,0.00
221.50,0.01
221.60,0.00
221.70,0.05
221.80,0.06
221.90,0.17
222.00,0.12
222.10,0.21
222.20,0.15
222.30,0.18
222.40,0.42
222.50,0.31
222.60,0.20
222.70,0.22
222.80,0.01
222.90,0.05
223.00,0.00
223.10,0.02
223.20,0.01
223.30,0.11
223.40,0.13
223.50,0.17
223.60,0.07
223.70,0.01
223.80,0.00
223.90,0.00
224.00,0.00
224.10,0.00
224.20,0.00
224.30,0.00
224.40,0.01
224.50,0.09
224.60,0.02
224.70,0.00
224.80,0.00
224.90,0.00
225.00,0.00
225.10,0.00
225.20,0.00
225.30,0.02
225.40,0.04
225.50,0.20
225.60,0.02
225.70,0.07
225.80,0.01
225.90,0.00
226.00,0.00
226.10,0.00
226.20,0.00
226.30,0.00
226.40,0.00
226.50,0.00
226.60,0.02
226.70,0.01
226.80,0.04
226.90,0.01
227.00,0.00
227.10,0.00
227.20,0.01
227.30,0.01
227.40,0.02
227.50,0.00
227.60,0.04
227.70,0.12
227.80,0.17
227.90,0.18
228.00,0.12
228.10,0.00
228.20,0.00
228.30,0.00
228.40,0.00
228.50,0.00
228.60,0.00
228.70,0.00
228.80,0.00
228.90,0.00
229.00,0.00
229.10,0.01
229.20,0.00
229.30,0.00
229.40,0.18
229.50,0.02
229.60,0.04
229.70,0.01
229.80,0.01
229.90,0.09
230.00,0.14
230.10,0.29
230.20,0.07
230.30,0.07
230.40,0.06
230.50,0.04
230.60,0.05
230.70,0.72
230.80,0.17
230.90,0.37
231.00,0.02
231.10,0.08
231.20,0.37
231.30,0.42
231.40,0.50
231.50,0.48
231.60,0.53
231.70,0.28
231.80,0.06
231.90,0.01
232.00,0.00
232.10,0.00
232.20,0.00
232.30,0.00
232.40,0.00
232.50,0.03
232.60,0.04
232.71,0.08
232.81,0.10
232.91,0.07
233.01,0.07
233.11,0.12
233.21,0.11
233.31,0.18
233.41,0.15
233.51,0.11
233.61,0.10
233.71,0.10
233.81,0.09
